{"cameraMode":{"drawMode":0,"name":"Shaded","section":"Shading Mode"},"sceneLighting":false,"audioPlay":false,"sceneViewState":{"showFog":true,"showMaterialUpdate":false,"showSkybox":true,"showFlares":true,"showImageEffects":true,"showParticleSystems":true},"in2DMode":false,"pivot":{"x":897.9998779296875,"y":455.4998779296875,"z":0.0002198588044848293},"rotation":{"x":-0.1525757908821106,"y":-0.04149515926837921,"z":0.006395189557224512,"w":-0.9873995780944824},"size":295.3138427734375,"orthographic":false}