{"cameraMode":{"drawMode":0,"name":"Shaded","section":"Shading Mode"},"sceneLighting":false,"audioPlay":false,"sceneViewState":{"showFog":true,"showMaterialUpdate":false,"showSkybox":true,"showFlares":true,"showImageEffects":true,"showParticleSystems":true},"in2DMode":false,"pivot":{"x":495.6800231933594,"y":487.5,"z":-0.00001127599989558803},"rotation":{"x":-0.2524719834327698,"y":0.023218130692839624,"z":-0.0060771615244448189,"w":-0.9673065543174744},"size":1821.025390625,"orthographic":false}