{"cameraMode":{"drawMode":0,"name":"Shaded","section":"Shading Mode"},"sceneLighting":false,"audioPlay":false,"sceneViewState":{"showFog":true,"showMaterialUpdate":false,"showSkybox":true,"showFlares":true,"showImageEffects":true,"showParticleSystems":true},"in2DMode":false,"pivot":{"x":924.2811889648438,"y":443.1116638183594,"z":0.39996546506881716},"rotation":{"x":-0.07915361225605011,"y":-0.11932883411645889,"z":0.009529892355203629,"w":-0.989648699760437},"size":467.7856140136719,"orthographic":false}