{"cameraMode":{"drawMode":0,"name":"Shaded","section":"Shading Mode"},"sceneLighting":true,"audioPlay":false,"sceneViewState":{"showFog":false,"showMaterialUpdate":false,"showSkybox":false,"showFlares":false,"showImageEffects":false,"showParticleSystems":false},"in2DMode":false,"pivot":{"x":0.39067986607551577,"y":4.109027862548828,"z":-8.564342498779297},"rotation":{"x":-0.19237816333770753,"y":0.17557458579540254,"z":-0.03503120318055153,"w":-0.9648507833480835},"size":1.9393393993377686,"orthographic":false}