{"cameraMode":{"drawMode":0,"name":"Shaded","section":"Shading Mode"},"sceneLighting":true,"audioPlay":false,"sceneViewState":{"showFog":false,"showMaterialUpdate":false,"showSkybox":false,"showFlares":false,"showImageEffects":false,"showParticleSystems":false},"in2DMode":false,"pivot":{"x":0.3919290006160736,"y":4.917561054229736,"z":-8.269306182861329},"rotation":{"x":-0.12867127358913423,"y":-0.06539840251207352,"z":0.008479776792228222,"w":-0.9894922375679016},"size":1.027416706085205,"orthographic":false}