{"cameraMode":{"drawMode":0,"name":"Shaded","section":"Shading Mode"},"sceneLighting":true,"audioPlay":false,"sceneViewState":{"showFog":true,"showMaterialUpdate":false,"showSkybox":true,"showFlares":true,"showImageEffects":true,"showParticleSystems":true},"in2DMode":false,"pivot":{"x":-0.6413986682891846,"y":4.73398494720459,"z":-8.339947700500489},"rotation":{"x":-0.19108985364437104,"y":0.019137585535645486,"z":-0.003742857137694955,"w":-0.9813789129257202},"size":0.2094961404800415,"orthographic":false}