{"cameraMode":{"drawMode":0,"name":"Shaded","section":"Shading Mode"},"sceneLighting":true,"audioPlay":false,"sceneViewState":{"showFog":true,"showMaterialUpdate":false,"showSkybox":true,"showFlares":true,"showImageEffects":true,"showParticleSystems":true},"in2DMode":false,"pivot":{"x":-0.29440420866012576,"y":4.5888285636901859,"z":-8.383676528930664},"rotation":{"x":-0.055758677423000339,"y":-0.02844899892807007,"z":0.0015753196785226465,"w":-0.9980376958847046},"size":2.0089635848999025,"orthographic":false}