{"cameraMode":{"drawMode":0,"name":"Shaded","section":"Shading Mode"},"sceneLighting":false,"audioPlay":false,"sceneViewState":{"showFog":true,"showMaterialUpdate":false,"showSkybox":true,"showFlares":true,"showImageEffects":true,"showParticleSystems":true},"in2DMode":false,"pivot":{"x":829.662841796875,"y":383.28070068359377,"z":-2.9802322387695315e-8},"rotation":{"x":-0.18373487889766694,"y":-0.016218820586800576,"z":0.003015155205503106,"w":-0.982837438583374},"size":603.9725952148438,"orthographic":false}