{"cameraMode":{"drawMode":0,"name":"Shaded","section":"Shading Mode"},"sceneLighting":false,"audioPlay":false,"sceneViewState":{"showFog":true,"showMaterialUpdate":false,"showSkybox":true,"showFlares":true,"showImageEffects":true,"showParticleSystems":true},"in2DMode":false,"pivot":{"x":536.597900390625,"y":447.6423034667969,"z":1.5192718505859376},"rotation":{"x":-0.1298716515302658,"y":0.09207410365343094,"z":-0.012127169407904148,"w":-0.9871720671653748},"size":86.22734069824219,"orthographic":false}