{"cameraMode":{"drawMode":0,"name":"Shaded","section":"Shading Mode"},"sceneLighting":false,"audioPlay":false,"sceneViewState":{"showFog":true,"showMaterialUpdate":false,"showSkybox":true,"showFlares":true,"showImageEffects":true,"showParticleSystems":true},"in2DMode":false,"pivot":{"x":546.2181396484375,"y":408.5751953125,"z":14.712646484375},"rotation":{"x":-0.1525757908821106,"y":-0.04149515926837921,"z":0.006395189557224512,"w":-0.9873995780944824},"size":458.6134033203125,"orthographic":false}