{"cameraMode":{"drawMode":0,"name":"Shaded","section":"Shading Mode"},"sceneLighting":false,"audioPlay":false,"sceneViewState":{"showFog":true,"showMaterialUpdate":false,"showSkybox":true,"showFlares":true,"showImageEffects":true,"showParticleSystems":true},"in2DMode":false,"pivot":{"x":496.1231689453125,"y":315.1795959472656,"z":-107.2366943359375},"rotation":{"x":-0.1662793755531311,"y":0.11948840320110321,"z":-0.020319823175668718,"w":-0.9786014556884766},"size":603.9725952148438,"orthographic":false}