{"cameraMode":{"drawMode":0,"name":"Shaded","section":"Shading Mode"},"sceneLighting":true,"audioPlay":false,"sceneViewState":{"showFog":false,"showMaterialUpdate":false,"showSkybox":false,"showFlares":false,"showImageEffects":false,"showParticleSystems":false},"in2DMode":false,"pivot":{"x":0.5470395684242249,"y":4.605795383453369,"z":-7.101061820983887},"rotation":{"x":-0.27414464950561526,"y":0.17052429914474488,"z":-0.04948664456605911,"w":-0.9451546669006348},"size":2.4095184803009035,"orthographic":false}