{"cameraMode":{"drawMode":0,"name":"Shaded","section":"Shading Mode"},"sceneLighting":true,"audioPlay":false,"sceneViewState":{"showFog":false,"showMaterialUpdate":false,"showSkybox":false,"showFlares":false,"showImageEffects":false,"showParticleSystems":false},"in2DMode":false,"pivot":{"x":-0.19183185696601869,"y":1.1039444208145142,"z":-1.355064868927002},"rotation":{"x":-0.2725991904735565,"y":0.03751111403107643,"z":-0.010661086067557335,"w":-0.9613370895385742},"size":12.769065856933594,"orthographic":false}