{"cameraMode":{"drawMode":0,"name":"Shaded","section":"Shading Mode"},"sceneLighting":true,"audioPlay":false,"sceneViewState":{"showFog":false,"showMaterialUpdate":false,"showSkybox":false,"showFlares":false,"showImageEffects":false,"showParticleSystems":false},"in2DMode":false,"pivot":{"x":0.3802766799926758,"y":0.8850250244140625,"z":-1.3013134002685547},"rotation":{"x":-0.2510834336280823,"y":-0.008711799047887326,"z":0.0022357346024364235,"w":-0.967923641204834},"size":8.328557014465332,"orthographic":false}