{"cameraMode":{"drawMode":0,"name":"Shaded","section":"Shading Mode"},"sceneLighting":false,"audioPlay":false,"sceneViewState":{"showFog":true,"showMaterialUpdate":false,"showSkybox":true,"showFlares":true,"showImageEffects":true,"showParticleSystems":true},"in2DMode":false,"pivot":{"x":-0.177305206656456,"y":4.3277153968811039,"z":-8.344135284423829},"rotation":{"x":-0.19406737387180329,"y":0.0029430543072521688,"z":-0.0005962940631434321,"w":-0.9809836745262146},"size":2.8578836917877199,"orthographic":false}