{"cameraMode":{"drawMode":0,"name":"Shaded","section":"Shading Mode"},"sceneLighting":true,"audioPlay":false,"sceneViewState":{"showFog":true,"showMaterialUpdate":false,"showSkybox":true,"showFlares":true,"showImageEffects":true,"showParticleSystems":true},"in2DMode":false,"pivot":{"x":-0.14827559888362885,"y":5.001788139343262,"z":-9.400650024414063},"rotation":{"x":-0.16307377815246583,"y":-0.007399170193821192,"z":0.001207557157613337,"w":-0.9865854382514954},"size":0.6025518178939819,"orthographic":false}