{"cameraMode":{"drawMode":0,"name":"Shaded","section":"Shading Mode"},"sceneLighting":false,"audioPlay":false,"sceneViewState":{"showFog":true,"showMaterialUpdate":false,"showSkybox":true,"showFlares":true,"showImageEffects":true,"showParticleSystems":true},"in2DMode":false,"pivot":{"x":484.2757568359375,"y":269.110595703125,"z":0.39997565746307375},"rotation":{"x":-0.2524719834327698,"y":0.023218130692839624,"z":-0.0060771615244448189,"w":-0.9673065543174744},"size":294.2227783203125,"orthographic":false}