{"cameraMode":{"drawMode":0,"name":"Shaded","section":"Shading Mode"},"sceneLighting":false,"audioPlay":false,"sceneViewState":{"showFog":true,"showMaterialUpdate":false,"showSkybox":true,"showFlares":true,"showImageEffects":true,"showParticleSystems":true},"in2DMode":false,"pivot":{"x":495.55194091796877,"y":245.6234130859375,"z":17.65142822265625},"rotation":{"x":-0.2524719834327698,"y":0.023218130692839624,"z":-0.0060771615244448189,"w":-0.9673065543174744},"size":332.53985595703127,"orthographic":false}