{"cameraMode":{"drawMode":0,"name":"Shaded","section":"Shading Mode"},"sceneLighting":false,"audioPlay":false,"sceneViewState":{"showFog":true,"showMaterialUpdate":false,"showSkybox":true,"showFlares":true,"showImageEffects":true,"showParticleSystems":true},"in2DMode":false,"pivot":{"x":381.1068420410156,"y":224.61801147460938,"z":0.799903392791748},"rotation":{"x":-0.2524719834327698,"y":0.023218130692839624,"z":-0.0060771615244448189,"w":-0.9673065543174744},"size":360.539794921875,"orthographic":false}