{"cameraMode":{"drawMode":0,"name":"Shaded","section":"Shading Mode"},"sceneLighting":true,"audioPlay":false,"sceneViewState":{"showFog":true,"showMaterialUpdate":true,"showSkybox":true,"showFlares":true,"showImageEffects":true,"showParticleSystems":true},"in2DMode":false,"pivot":{"x":0.1828034520149231,"y":4.774286270141602,"z":-8.866044044494629},"rotation":{"x":-0.28269362449645998,"y":0.03595846891403198,"z":-0.010628663003444672,"w":-0.9584771394729614},"size":0.5920655131340027,"orthographic":false}