{"cameraMode":{"drawMode":0,"name":"Shaded","section":"Shading Mode"},"sceneLighting":false,"audioPlay":false,"sceneViewState":{"showFog":true,"showMaterialUpdate":false,"showSkybox":true,"showFlares":true,"showImageEffects":true,"showParticleSystems":true},"in2DMode":false,"pivot":{"x":472.99993896484377,"y":419.4958801269531,"z":0.00021985320199746639},"rotation":{"x":-0.2524719834327698,"y":0.023218130692839624,"z":-0.0060771615244448189,"w":-0.9673065543174744},"size":22.0,"orthographic":false}