{"cameraMode":{"drawMode":0,"name":"Shaded","section":"Shading Mode"},"sceneLighting":true,"audioPlay":false,"sceneViewState":{"showFog":false,"showMaterialUpdate":false,"showSkybox":false,"showFlares":false,"showImageEffects":false,"showParticleSystems":false},"in2DMode":false,"pivot":{"x":-2.9929561614990236,"y":1.766038417816162,"z":-0.09189492464065552},"rotation":{"x":-0.12689252197742463,"y":0.09359470754861832,"z":-0.012049676850438118,"w":-0.9874173998832703},"size":5.030426979064941,"orthographic":false}